id,first_name,last_name,email,gender,ip_address
1,Montague,Partkya,mpartkya0@theglobeandmail.com,Male,152.60.110.87
2,Willdon,MacRedmond,wmacredmond1@infoseek.co.jp,Male,41.73.217.61
3,Morgen,Longmuir,mlongmuir2@moonfruit.com,Genderqueer,17.15.55.71
4,Antonio,Bellam,abellam3@eepurl.com,Male,201.217.62.110
5,Joanne,Kesper,jkesper4@nature.com,Female,60.10.254.125
6,Ofella,Adamou,oadamou5@wikipedia.org,Female,151.10.153.237
7,Alister,Drayton,adrayton6@usatoday.com,Male,75.38.153.164
8,Grantley,Kimblen,gkimblen7@webeden.co.uk,Male,109.47.162.223
9,Verina,Leadbetter,vleadbetter8@mayoclinic.com,Female,169.95.134.52
10,Robinet,Sibyllina,rsibyllina9@list-manage.com,Male,103.164.252.190
11,Brnaby,George,bgeorgea@blogs.com,Male,213.143.170.34
12,Quillan,Rochford,qrochfordb@g.co,Male,201.29.163.147
13,Dre,Brookton,dbrooktonc@businessinsider.com,Female,150.151.216.97
14,Dorian,Nend,dnendd@rambler.ru,Male,219.14.226.115
15,Lonny,Anthona,lanthonae@ihg.com,Male,42.0.165.212
16,Olly,Lamcken,olamckenf@apache.org,Female,200.229.44.145
17,Heinrick,Sans,hsansg@blogs.com,Male,158.86.63.192
18,Sydney,Ducarne,sducarneh@craigslist.org,Male,247.174.56.52
19,Peggy,Trevett,ptrevetti@usda.gov,Female,226.197.42.205
20,Sadye,Ferrillo,sferrilloj@japanpost.jp,Female,176.146.146.140
21,Ardeen,Rawsthorn,arawsthornk@ft.com,Female,91.231.197.102
22,Glori,Hiddsley,ghiddsleyl@ocn.ne.jp,Female,27.58.9.176
23,Vivie,Fleetham,vfleethamm@i2i.jp,Female,97.254.148.247
24,Puff,Crossdale,pcrossdalen@jugem.jp,Male,119.239.152.103
25,Belicia,Lawles,blawleso@dion.ne.jp,Female,93.167.10.14
26,Guthry,MacKenzie,gmackenziep@shareasale.com,Male,250.244.36.205
27,Cly,McKeighen,cmckeighenq@msn.com,Male,198.235.68.21
28,Garrek,Killoran,gkilloranr@weebly.com,Male,122.80.242.54
29,Meade,Wardlow,mwardlows@foxnews.com,Male,213.53.201.202
30,Nani,Hardwell,nhardwellt@netlog.com,Female,100.251.82.127
31,Daniella,Uridge,duridgeu@gmpg.org,Female,173.52.73.176
32,Briney,Stangroom,bstangroomv@narod.ru,Female,154.0.91.105
33,Stanton,Libbis,slibbisw@senate.gov,Male,33.83.239.141
34,Cirillo,Kyrkeman,ckyrkemanx@va.gov,Bigender,23.75.51.90
35,Ferdy,Haquin,fhaquiny@earthlink.net,Genderfluid,233.248.59.173
36,Codi,Peto,cpetoz@discuz.net,Male,20.187.248.25
37,Ronnie,Surcombe,rsurcombe10@usnews.com,Male,117.87.205.234
38,Elli,Roland,eroland11@weibo.com,Female,185.105.63.138
39,Opal,Giacobbo,ogiacobbo12@sciencedaily.com,Female,141.64.200.208
40,Sean,Birkett,sbirkett13@technorati.com,Male,142.122.143.18
41,Roth,Kingzet,rkingzet14@weather.com,Male,10.20.206.114
42,Cindi,Madgwick,cmadgwick15@artisteer.com,Female,250.57.214.117
43,Caye,Benko,cbenko16@abc.net.au,Female,68.54.17.29
44,Dedie,Sumpner,dsumpner17@sciencedaily.com,Female,53.116.42.176
45,Chadwick,Tolumello,ctolumello18@ebay.com,Male,215.219.60.133
46,Constance,Leftley,cleftley19@virginia.edu,Female,158.146.214.154
47,Sukey,Wyldes,swyldes1a@cmu.edu,Female,18.148.10.224
48,Juliane,Spykins,jspykins1b@nydailynews.com,Female,69.255.71.44
49,Charo,Gain,cgain1c@arizona.edu,Female,132.221.169.42
50,Vanni,Cadany,vcadany1d@yellowbook.com,Female,17.241.92.199
